﻿<Albums>
	<Album Name="29 Nov"
		   Author="Taylor Swift"
		   LaunchYear="Si"
		   Genre="Luis"
		   Cover="/Resources/Album/reloj-19692.jpg"
		   RecordLabel="Republic Records"
		   Format="30cm"
		   Country="10:30am"
		   Likes="12"
		   Puntuation="8 min"
		   Pvp="39.89"
		   Stock="24"
		   previewPath="./Resources/Music/ShakeItOff.mp3">

		<SongsA>
			<Song>Welcome to New York</Song>
			<Song>Blank Space</Song>
			<Song>Style</Song>
			<Song>Out of the Woods</Song>
			<Song>All You Had to Do Was Stay</Song>
			<Song>Shake It Off</Song>
			<Song>I Wish You Would</Song>
			<Song>Bad Blood</Song>
			<Song>Wildest Dreams</Song>
			<Song>How You Get The Girl</Song>
		</SongsA>

		<SongsB>
			<Song>This Love</Song>
			<Song>I Know Places</Song>
			<Song>Clean</Song>
			<Song>Wonderland</Song>
			<Song>You Are In Love</Song>
			<Song>New Romantics</Song>
			<Song>Slut!</Song>
			<Song>Say Don't Go</Song>
			<Song>Now That We Don't Talk</Song>
			<Song>Suburban Legends</Song>
			<Song>Is It Over Now?</Song>
		</SongsB>
	</Album>

	<Album Name="30 nov"
		   Author="Juan"
		   LaunchYear="Si"
		   Genre="Luis"
		   Cover="/Resources/Album/reloj-19692.jpg"
		   RecordLabel="Universal Music"
		   Format="30cm"
		   Country="10:30am"
		   Likes="8"
		   Puntuation="9 min"
		   Pvp="34"
		   Stock="31"
		   previewPath="./Resources/Music/HereComesTheSun.mp3">

		<SongsA>
			<Song>Come Together</Song>
			<Song>Something</Song>
			<Song>Maxwell's Silver Hammer</Song>
			<Song>Oh! Darling</Song>
			<Song>Octopus's Garden</Song>
			<Song>I Want You (She's So Heavy)</Song>
			<Song>Here Comes The Sun</Song>
			<Song>Because</Song>
			<Song>You Never Give Me Your Money</Song>
		</SongsA>

		<SongsB>
			<Song>Sun King</Song>
			<Song>Mean Mr. Mustard</Song>
			<Song>Polythene Pam</Song>
			<Song>She Came In Through The Bathroom Window</Song>
			<Song>Golden Slumbers</Song>
			<Song>Carry That Weight</Song>
			<Song>The End</Song>
			<Song>Her Majesty</Song>
		</SongsB>


	</Album>

	<Album Name="1 Dic"
		   Author="Frank Sinatra"
		   LaunchYear="Si"
		   Genre="Luis"
		   Cover="/Resources/Album/reloj-19692.jpg"
		   RecordLabel="Reprise Records"
		   Format="30cm"
		   Country="10:30am"
		   Likes="20"
		   Puntuation="8 min"
		   Pvp="34"
		   Stock="31"
		   previewPath="./Resources/Music/MyWay.mp3">

		<SongsA>
			<Song>Watch What Happens</Song>
			<Song>Didn't We?</Song>
			<Song>Hallelujah, I Love Her So</Song>
			<Song>Yesterday</Song>
			<Song>All My Tomorrows</Song>
			<Song>My Way</Song>
		</SongsA>

		<SongsB>
			<Song>OA Day in the Life of a Fool</Song>
			<Song>For Once in My Life</Song>
			<Song>If You Go Away</Song>
			<Song>Mrs. Robinson</Song>
			<Song>For Once in My Life</Song>
			<Song>My Way</Song>
		</SongsB>

	</Album>

	<Album Name="3 Dic"
	       Author="Pedro Domínguez"
		   LaunchYear="No"
		   Genre="Luis"
		   Cover="/Resources/Album/reloj-19692.jpg"
		   RecordLabel="Taste the Floor Records"
		   Format="30cm"
		   Country="10:30am"
		   Likes="29"
		   Puntuation="7 min"
		   Pvp="29"
		   Stock="12"
		   previewPath="./Resources/Music/150Canciones.mp3">

		<SongsA>
			<Song>150 Canciones</Song>
			<Song>Ganas</Song>
			<Song>Cara A Cara</Song>
			<Song>Casanova</Song>
			<Song>Perro Hambriento</Song>
			<Song>No Hay Manera</Song>
		</SongsA>

		<SongsB>
			<Song>Rosas Freestyle</Song>
			<Song>10.000 Kms</Song>
			<Song>Primadonna</Song>
			<Song>Los Muertos Y Las Flores</Song>
			<Song>Dime Algo</Song>
			<Song>Pa No Volver</Song>
		</SongsB>

	</Album>

	<Album Name="5 Dic"
	       Author="Pedro Domínguez"
		   LaunchYear="Si"
		   Genre="Luis"
		   Cover="/Resources/Album/reloj-19692.jpg"
		   RecordLabel="Taste the Floor Records"
		   Format="30cm"
		   Country="10:30am"
		   Likes="20"
		   Puntuation="8 min"
		   Pvp="20"
		   Stock="31"
		   previewPath="./Resources/Music/PlayaDelIngles.mp3">

		<SongsA>
			<Song>Intro - Speech Cruzzi</Song>
			<Song>Ahora qué</Song>
			<Song>Yankee</Song>
			<Song>Vista Al Mar</Song>
			<Song>Playa Del Inglés</Song>
			<Song>Sin Señal</Song>
			<Song>Dame</Song>
			<Song>Cuéntale</Song>
		</SongsA>

		<SongsB>
			<Song>Luces Azules</Song>
			<Song>Punto G</Song>
			<Song>Muñeca</Song>
			<Song>Wanda</Song>
			<Song>Me Falta Algo</Song>
			<Song>Lisboa</Song>
			<Song>Éramos Dos</Song>
			<Song>Donde Quiero Estar</Song>
		</SongsB>

	</Album>

</Albums>