﻿<Artists>
	<Artist ArtisticName="Taylor Swift"
			RealName=""
			Birthday="58"
			Description="Sana"
			Genre="Mujer"
			Instagram="@TaylorSwift"
			X_Twitter="Médico"
			Likes="58"
			ArtistImage="/Resources/Artist/TaylorSwift.png">

		<GroupComponents>
			<GroupComponent>29 Nov</GroupComponent>
		</GroupComponents>

		<AlbumList>
			<Album>Lesión de rodilla</Album>
		</AlbumList>
	</Artist>

	<Artist ArtisticName="Juan"
			RealName=""
			Birthday="60"
			Description="En planta"
			Genre="Hombre"
			Instagram="@TheBeatles"
			X_Twitter="Médico"
			Likes="12"
			ArtistImage="/Resources/Artist/TheBeatles.jpg">

		<GroupComponents>
			<GroupComponent>30 Nov</GroupComponent>
		</GroupComponents>

		<AlbumList>
			<Album>Resfriado</Album>
		</AlbumList>
	</Artist>

	<Artist ArtisticName="Frank Sinatra"
			RealName=""
			Birthday="80"
			Description="En observación"
			Genre="Hombre"
			Instagram="@FrankSinatra"
			X_Twitter="Médico"
			Likes="123"
			ArtistImage="/Resources/Artist/FrankSinatra.jpg">

		<GroupComponents>
			<GroupComponent>1 Dic</GroupComponent>
		</GroupComponents>

		<AlbumList>
			<Album>Cegera parcial</Album>
		</AlbumList>
	</Artist>

	<Artist ArtisticName="Jorge Escorial"
			RealName=""
			Birthday="33"
			Description="Sano"
			Genre="Hombre"
			Instagram="@RecycledJ"
			X_Twitter="Médico"
			Likes="96"
			ArtistImage="/Resources/Artist/RecycledJ.jpg">

		<GroupComponents>
		</GroupComponents>

		<AlbumList>
			<Album>Mareos</Album>
			<Album>Falta de Hierro</Album>
		</AlbumList>
	</Artist>

	<Artist ArtisticName="Pedro Domínguez"
		RealName=""
		Birthday="21"
		Description="Esperando estudios"
		Genre="Hombre"
		Instagram="@Quevedo"
		X_Twitter="Médico"
		Likes="145"
		ArtistImage="/Resources/Artist/Quevedo.jpg">

		<GroupComponents>
			<GroupComponent>3 Dic</GroupComponent>
			<GroupComponent>5 Dic</GroupComponent>
		</GroupComponents>

		<AlbumList>

		</AlbumList>

	</Artist>
</Artists>